"","ID_ENTIDAD","year","m_total_egresos","m_poblacion","m_legislativo","m_pres_poder_leg","m_ase_budget","m_por_efs","ase_budget_leg_perc","ase_budget_sta_perc","ase_budget_pc","ase_growth","ase_pct_change","ase_growth_pc"
"1",1,2009,13861956041.0006,1161079.99999997,173251719.000002,167996957.4368,21838164.600661,0.191087503362353,0.126048761459393,0.00157540281732741,18.8084926108982,NA,NA,NA
"2",1,2010,13440704501.0001,1184995.99999995,185217999.999997,178592460.635643,16484316.2643243,0.165703928165043,0.0889995371093768,0.00122644733861218,13.91086236943,-0.245160178716424,-24.5160178716424,-0.260394617622381
"3",1,2011,16447823999.9998,1210505.60000003,179410000.000006,188435889.474387,27256350.3157886,0.219847932673698,0.151922135420477,0.0016571401977422,22.5165008041169,0.653471692652333,65.3471692652333,0.618627242952125
"4",1,2012,18177449999.9996,1236015.20000002,191980000.000007,192818148.559604,22394700.9723272,0.120577382475248,0.116651218732818,0.00123200454256938,18.1184672909579,-0.178367583595565,-17.8367583595565,-0.195324910891785
"5",1,2013,19791612195.9997,1261524.80000005,218932999.999994,221755537.985014,39253494.5126198,0.20641164247748,0.179294553642534,0.00198333991813732,31.1159118810967,0.752802797461986,75.2802797461986,0.717358945512196
"6",1,2014,21075072000.9989,1287034.40000002,203375000.000005,215467433.2037,38769301.7600922,0.206844330486174,0.190629633731242,0.00183958098735106,30.1229724396579,-0.0123350228696689,-1.23350228696689,-0.0319109864185631
"7",1,2015,22524089000.0007,1312543.99999996,205070999.999992,209473737.908824,26353973.4158947,0.159191063405869,0.12851145903563,0.00117003504185647,20.0785447313731,-0.320236057410181,-32.0236057410181,-0.333447428815521
"8",1,2016,24431870999.999,1304743.71700004,209900999.999994,195679000.000005,23535000.0000004,0.120273509,0.112124287163954,0.00096329094075527,18.0380251641402,-0.106965783542684,-10.6965783542684,-0.101626865618633
"9",1,2017,25969769079.9998,1321452.93299995,189524000.000008,202272999.999992,28748999.9999997,0.142129696,0.151690551064765,0.00110701792963343,21.755598918483,0.221542383683842,22.1542383683842,0.206096494517225
"10",1,2018,27743639098.0013,1337792.49400005,205245000.000009,212904000.000006,28969000.0000007,0.13606602,0.141143511413187,0.00104416727371889,21.654329897892,0.00765244008490628,0.765244008490629,-0.00465484866541469
"11",1,2019,25317913306.001,1415420.99999999,209500000.000007,223127999.999991,30128000.0000008,0.135025636,0.14380906921241,0.00118998748577197,21.2855397793315,0.0400082847181501,4.00082847181502,-0.0170307795392174
"12",2,2009,28515510307.9993,3092949.80000008,349351314.000003,345947789.451077,47200051.8908455,0.232333863823731,0.13510769818042,0.00165524135395202,15.2605295730452,NA,NA,NA
"13",2,2010,31857992164.9987,3155070.00000007,378244619.000012,343915194.587208,54883867.7752641,0.195772882616902,0.145101516368862,0.00172276606419544,17.3954516937066,0.162792530444418,16.2792530444418,0.139898298446487
"14",2,2011,33789101181.9986,3187209.19999989,581017042.000006,447241181.5631,90700107.1781758,0.209493303217969,0.156105760454054,0.00268430067700342,28.457531804997,0.652582276992036,65.2582276992036,0.635917957525213
"15",2,2012,36767964594.001,3219348.39999985,772025660.999977,622707136.135926,47181705.1767698,0.122089203104746,0.0611141670027614,0.00128322863932664,14.6556691959069,-0.479805408784316,-47.9805408784317,-0.484998583280739
"16",2,2013,39263597830.998,3251487.60000003,832217995.000028,775024059.996854,68689488.9835824,0.132683268494736,0.0825378559419158,0.00174944459443686,21.1255577242804,0.455850074223303,45.5850074223303,0.441459782005755
"17",2,2014,41387804696.9985,3283626.79999999,716978593.999972,587355113.850404,51926948.4112581,0.112324700953423,0.0724246844268549,0.00125464369979072,15.8139007792415,-0.244033560598052,-24.4033560598052,-0.251432743900246
"18",2,2015,42142977522.0011,3315765.9999999,778002769.000003,587396866.496018,45671416.0351449,0.0965107541736114,0.0587034106496152,0.00108372542047609,13.7740166330031,-0.120467937506548,-12.0467937506548,-0.128993103897306
"19",2,2016,50306834265.9999,3534688.20799997,793418634.999974,743336305.700009,179513643.399999,0.241497209,0.226253374298431,0.00356837487429266,50.7862738766351,2.9305469149864,293.05469149864,2.68710705306897
"20",2,2017,54717463072.0026,3584604.89699984,724973208.999988,598336265.700001,99513643.4399967,0.166317252,0.137265270226004,0.00181868160278277,27.7613980618297,-0.445648578262897,-44.5648578262897,-0.453368086635674
"21",2,2018,56409234718.9996,3633772.19800003,727101026.999965,598336265.700001,99513643.4399967,0.166317252,0.136863571559776,0.00176413744904926,27.3857682919055,0,0,-0.0135306503327997
"22",2,2019,61069770669.4313,3578560.99999989,777153498.070004,730580818.499998,161758156.199997,0.221410352,0.208141836331831,0.00264874346877096,45.2020117024697,0.625487225754439,62.5487225754439,0.650565769076134
"23",3,2009,9869553107.00039,612054.799999979,125362351,118211853.669123,17708098.0611748,0.213042869411706,0.141255312459598,0.00179421478046606,28.9322100916052,NA,NA,NA
"24",3,2010,9556311503.9998,637026.000000021,140195310.999999,118550332.883038,10942069.5536084,0.140026037034301,0.0780487555222758,0.00114500971939106,17.1768021299099,-0.382086686226402,-38.2086686226402,-0.406308675503023
"25",3,2011,11014313982.9998,652026.599999997,142090617.000003,134286697.155117,16266777.341066,0.167396844634688,0.114481713743742,0.00147687612375798,24.9480271833482,0.486627119428404,48.6627119428404,0.452425602546021
"26",3,2012,11877937090.0004,667027.200000007,154175408.000005,158392960.296883,21432100.5649005,0.18484766141211,0.139011148683971,0.0018043621886955,32.1307745244876,0.317538201669144,31.7538201669144,0.287908430127638
"27",3,2013,12866432595.0005,682027.800000017,163534708.000008,154902565.629814,23681632.9448939,0.175256626195392,0.144811051027117,0.0018405749045074,34.7223866019732,0.104960891405923,10.4960891405923,0.0806582510331485
"28",3,2014,13161402660.0003,697028.400000012,195193277.000004,189921341.503019,22512744.9666835,0.120636408419981,0.115335657624535,0.00171051259111641,32.2981746033349,-0.0493584197056978,-4.93584197056979,-0.0698169750376725
"29",3,2015,16305031400.9999,712028.999999976,202330086.000005,204685382.040283,36286573.0202549,0.171609689386854,0.179343436943204,0.00222548317312836,50.962212241715,0.611823572556574,61.1823572556574,0.577866640068664
"30",3,2016,18423069083.9996,786863.904700037,233080098.999994,212000000.000003,6726143.99999989,0.031727094,0.0288576503479178,0.000365093566621944,8.54803983233159,-0.814638213527483,-81.4638213527483,-0.832267096416693
"31",3,2017,17861795417.0005,809833.275399976,233000000.000006,213999999.999994,13223452.3699886,0.0387321179918337,0.056753014463469,0.000740320447148488,16.3286108038195,0.965978184527245,96.5978184527245,0.910216976535272
"32",3,2018,19115091194.0005,832827.196999974,229704829.999992,234999999.999992,21000000.0000001,0.089361702,0.0914216736322033,0.00109860841294815,25.215314864412,0.588087544192376,58.8087544192376,0.544241280985995
"33",3,2019,18678011717,788119.000000007,244000999.999992,237999999.999989,23999999.9999996,0.100840336,0.098360252621917,0.00128493334106626,30.4522540377777,0.142857142857119,14.2857142857119,0.207688827267309
"34",4,2009,13498377000,808898.799999969,151612999.999993,143549278.011368,29505375.5231439,0.244463181202668,0.194609799444278,0.00218584615936746,36.4759788531582,NA,NA,NA
"35",4,2010,14829577981.0003,822441.000000026,156655000.000004,150809861.663027,20587986.9878149,0.150212749213913,0.1314224696806,0.00138830565604715,25.0327828838959,-0.302229284570002,-30.2229284570002,-0.313718680870206
"36",4,2011,16497591999.9997,837939.000000034,165926999.999998,147531720.022016,22881664.2406273,0.204149360985104,0.137901994495335,0.00138696994328794,27.3070763392399,0.11140852450363,11.140852450363,0.0908526018018994
"37",4,2012,18904627000.0006,853436.999999995,189612999.999992,174838677.614499,28187438.3613486,0.209320045793075,0.148657731069862,0.00149103382792729,33.0281419265262,0.231878855704067,23.1878855704067,0.209508536037058
"38",4,2013,19433933000.0001,868935.000000025,191708999.999992,200943913.732504,39406330.4990134,0.185479399388411,0.205552845714155,0.00202770743827372,45.3501475933324,0.398010347511696,39.8010347511696,0.373075957291739
"39",4,2014,21462902129.0003,884432.999999969,201903921.000002,214288773.812671,43066108.7369272,0.192425670843575,0.213300011825559,0.00200653706931539,48.693466590379,0.0928728504168987,9.28728504168987,0.0737223399365119
"40",4,2015,23168692178.0008,899930.999999962,228637045.000003,193485881.265903,29723861.12016,0.133374137230365,0.130004571744529,0.00128293219538665,33.029044582486,-0.309808524802401,-30.9808524802401,-0.321694533265948
"41",4,2016,21475764797.0007,921517.051799982,224221297.000009,218361082.999998,40824738.0000018,0.186959771,0.182073418297996,0.00190096782982571,44.3016631328304,0.373466853278786,37.3466853278786,0.341294115310915
"42",4,2017,22862079319.9999,935046.603999974,224487171.999998,219870069,37007632.9999987,0.16831592,0.16485411023842,0.00161873434528872,39.5783834107158,-0.0934998039669698,-9.34998039669698,-0.106616307111376
"43",4,2018,25667844981.9991,948459.323899958,256028237.999994,229457925.999993,43947521.0000022,0.191527579,0.171651069988629,0.00171216247530024,46.3356939961273,0.187525854463693,18.7525854463693,0.170732354459479
"44",4,2019,20536956758.3466,984045.999999982,250304578.900656,233454287.999998,45229711.0000015,0.193741188,0.180698695959345,0.00220235702554223,45.9630047782343,0.029175479545234,2.91754795452339,-0.00804324238510574
"45",5,2009,33709294484.001,2697752.80000001,186079644.000006,180105906.217117,53608702.9330324,0.333466961463523,0.288095472350703,0.00159032408579408,19.8716142313085,NA,NA,NA
"46",5,2010,50238350655.0004,2748391.00000005,200826207.000004,203971184.132035,82436725.5901689,0.339743529130481,0.410487888117946,0.00164091226155658,29.9945406567579,0.537748930302384,53.7748930302385,0.509416412155405
"47",5,2011,65497988578.0019,2789695.7999999,221141722.999998,204485942.951129,104004078.741011,0.404261184617843,0.470305093629988,0.00158789729271078,37.2815124649126,0.261623117566109,26.1623117566109,0.24294327062858
"48",5,2012,34958497021.9988,2831000.60000012,203304144.000003,158633931.142576,47138442.5324207,0.346442413506809,0.231861690593085,0.00134841158939863,16.6508062670205,-0.546763520209586,-54.6763520209586,-0.553376320698058
"49",5,2013,38614795559.9984,2872305.39999994,225156571.000008,187743982.095884,63351673.2242211,0.356311114738223,0.28136719680377,0.00164060620561327,22.0560366680446,0.343949223198226,34.3949223198226,0.324622742847594
"50",5,2014,42345106382.9997,2913610.20000007,266817901.000011,225173127.158856,83732841.4991792,0.382275987323734,0.313820179175969,0.00197739121828716,28.7385187967756,0.321714758863951,32.1714758863951,0.302977467316818
"51",5,2015,44811545889.0011,2954914.99999998,277277372.000009,195875671.008253,71971488.8711111,0.324554539512163,0.259564956029332,0.00160609252466732,24.3565344083033,-0.140462838923045,-14.0462838923045,-0.152477739700488
"52",5,2016,46494977925.9986,2995373.73800005,368515919.000016,332438000.000003,158408000.000005,0.476503889,0.429853886447706,0.00340699161643064,52.8842187505359,1.20098267362076,120.098267362076,1.17125383537764
"53",5,2017,52540146834.9985,3029739.87599993,364081702.000006,355074074.999987,162342199.999995,0.45720657,0.445894971123795,0.00308986955270277,53.5828838924382,0.0248358668753456,2.48358668753457,0.0132112217672735
"54",5,2018,53926717802.9973,3063662.45599999,373746968.000007,374606775.999987,174800499.999997,0.466623967,0.467697439621754,0.00324144518935067,57.0560570919493,0.0767409829360599,7.67409829360599,0.0648187060346188
"55",5,2019,53792220571.3382,3175642.99999992,371848109.017135,374606775.999987,174800499.999997,0.466623967,0.470085757493907,0.0032495498074518,55.0441280710713,0,0,-0.03526232136293
"56",6,2009,8207292897.00038,634043.200000011,118595348.999996,108594960.109209,9494406.73043027,0.18707656455638,0.0800571591591725,0.00115682562442731,14.9743846009706,NA,NA,NA
"57",6,2010,8826824053.00011,650554.999999996,113754902.000002,106647778.285074,9821733.84602368,0.150523343556461,0.0863411921010978,0.00111271435649444,15.0974688474053,0.0344757839944134,3.44757839944134,0.00821965307520811
"58",6,2011,11951209480.0006,662690.999999997,107804678.999998,99042236.7926704,14281293.412203,0.198339497814061,0.132473780773497,0.00119496637023237,21.5504562642364,0.454050133723055,45.4050133723055,0.42742180706272
"59",6,2012,12176319342.9995,674827.000000026,122651187.999998,111169916.063469,16841653.280798,0.222207837470183,0.137313413391465,0.00138314812599595,24.9569938381205,0.179280671203577,17.9280671203577,0.158072642737378
"60",6,2013,12480212597.9994,686962.999999982,126533794.999996,114614155.127449,20300432.5246168,0.234768262253193,0.160434866626876,0.00162660951207442,29.5509838588356,0.205370529018214,20.5370529018214,0.184076257361497
"61",6,2014,13954535087.0003,699098.999999982,126547654.999998,120979851.058337,22246004.2862518,0.263357762503858,0.175791517324063,0.00159417738731945,31.8209642500595,0.0958389314747718,9.58389314747718,0.0768157297932105
"62",6,2015,16664557540.9994,711235.000000031,126863181.000006,126312765.983828,50843967.9866876,0.297046991919153,0.400777968721164,0.00305102417880567,71.4868756271632,1.28553259868378,128.553259868378,1.246533922272
"63",6,2016,16146687073.9996,735723.544800028,146271536.000002,149102228,41894220.9999983,0.280976492,0.286414036152582,0.00259460165469231,56.9428847236162,-0.176023771178375,-17.6023771178375,-0.203449804960012
"64",6,2017,16529091993.0001,747801.045100024,126812926.000005,125280000.000004,31999999.9999999,0.255427842,0.252340207022733,0.00193598051324003,42.7921306204108,-0.236171499644276,-23.6171499644276,-0.248507854350705
"65",6,2018,19219927860.9991,759686.493900033,133079989,130000000.000006,35000000.0000004,0.269230769,0.262999721167698,0.00182102660598546,46.0716364987872,0.0937500000000144,9.37500000000144,0.0766380601019227
"66",6,2019,18783503551.1175,772841.999999967,141253556.28852,130000000.000006,35000000.0000004,0.269230769,0.247781372162486,0.00186333715138665,45.287393801064,0,0,-0.0170222452971429
"67",7,2009,54417576766.9974,4695955.79999993,325475841.999988,310913401.204879,51843386.229598,0.287700900388336,0.159284897800802,0.000952695605164091,11.0400072823511,NA,NA,NA
"68",7,2010,57417860264.998,4796580.00000019,313059299.00001,308152290.788594,90536892.1940123,0.35114292777632,0.28920045653718,0.00157680714286742,18.8753011925182,0.746353754614967,74.6353754614967,0.709718183129539
"69",7,2011,69552471862,4880845.59999982,360966725.999991,319565310.270013,135948688.955411,0.353290481781793,0.376623880161781,0.00195462052341071,27.8535114807598,0.50158333979573,50.158333979573,0.475659180040023
"70",7,2012,70463278737.9976,4965111.19999977,484790678.000022,357031385.001205,212636520.253105,0.487808541789311,0.438615117622157,0.0030176926771141,42.826134539165,0.564093937844787,56.4093937844787,0.537548849765234
"71",7,2013,79121120995.999,5049376.79999995,374726991.999988,354768350.783726,165582329.440778,0.367457738091279,0.441874572624283,0.00209277026609811,32.7926268922493,-0.221289319239788,-22.1289319239788,-0.234284689825087
"72",7,2014,97113434642.996,5133642.39999979,483391037.000006,393194035.429309,176412857.4621,0.403020209147842,0.364948548812455,0.00181656490794112,34.3640720791357,0.0654087187799577,6.54087187799577,0.0479206863192118
"73",7,2015,87811079908.9996,5217907.99999986,481637461.999991,409713258.878055,95822096.153861,0.315916082253663,0.198950670813606,0.00109123013010617,18.3640831064602,-0.456830428731947,-45.6830428731947,-0.465602241079862
"74",7,2016,90094401243.9997,5317959.77500008,450225209.999985,439003782.799994,148015931.399997,0.337163226,0.328759758699434,0.00164289821960335,27.8332175613335,0.544695193917786,54.4695193917786,0.515633391549081
"75",7,2017,99298839089.9959,5382082.61899985,505530366.999983,427461060.100003,136473208.799994,0.319264657,0.269960456796849,0.00137436862354762,25.3569516599793,-0.0779829744732683,-7.79829744732683,-0.0889680072344297
"76",7,2018,101568505183.998,5445232.73000005,525227364.999974,456372244.699989,172492474.899995,0.377964429,0.328414866388394,0.00169828702891229,31.6777047837942,0.263929209379024,26.3929209379024,0.249271016823007
"77",7,2019,96687349784,5647531.9999998,507696566.999991,501423126.899983,215068993.400005,0.42891718,0.423617190620098,0.00222437572113074,38.08194329842,0.246831164807012,24.6831164807012,0.202168640636559
"78",8,2009,39692352854.0014,3373460.80000015,320976855.999997,287288294.248846,50813868.8070267,0.266099467428076,0.1583100708265,0.00128019291257268,15.0628306714056,NA,NA,NA
"79",8,2010,40480059519.0013,3406464.99999997,330368254.00001,292325459.452599,47005678.8232711,0.218920085581939,0.142282674724762,0.00116120577345512,13.7989613347771,-0.074943909471208,-7.4943909471208,-0.0839064956779818
"80",8,2011,44898928833.0006,3436486.79999999,326496244.999991,320129445.837516,69455713.0427057,0.247069264023714,0.212730511013098,0.00154693474539321,20.2112555889072,0.477602595717017,47.7602595717016,0.464693979391726
"81",8,2012,51822018423.9982,3466508.59999997,341121714.999984,335053166.372757,72240922.8725375,0.252640633088535,0.21177462382464,0.00139401986008101,20.8396779608561,0.0401005145267069,4.0100514526707,0.0310926933353786
"82",8,2013,67064484005.9966,3496530.40000015,390915359.000014,372358221.120479,113572872.704552,0.30729204120701,0.290530597199043,0.00169348760954304,32.4815916671417,0.572140390633455,57.2140390633455,0.558641727964941
"83",8,2014,63215027317.9969,3526552.19999985,428302080.000015,378898777.886055,103009510.249349,0.309157343974458,0.240506677551848,0.00162950985896392,29.2096938900702,-0.0930095559234701,-9.30095559234702,-0.100730832731368
"84",8,2015,66598586055.0013,3556574.00000003,435271163,454579846.878258,122940382.764749,0.277269019626081,0.282445503436093,0.00184599088429921,34.5670813442227,0.193485751627728,19.3485751627728,0.183411283744187
"85",8,2016,60965135433.9991,3746281.38300001,439900040,477461247.00001,126965508.999994,0.265917935,0.288623545021715,0.00208259209294216,33.8910765155395,0.0327404726154784,3.27404726154785,-0.0195563178143827
"86",8,2017,59961291493.9971,3782017.84300018,420688894.000022,526214963.999975,187793963.999993,0.356876898,0.446396295881259,0.00313191993235826,49.6544362813003,0.479094326318195,47.9094326318195,0.465118296213845
"87",8,2018,72160675195.0005,3816865.36900011,435659746.00002,501399605.000009,139532111,0.278285243,0.320277721963308,0.00193363089553889,36.5567284959156,-0.256993632660075,-25.6993632660075,-0.263777192256983
"88",8,2019,69700669908.18,3765325.00000001,453577610.224755,586082785.99998,153207923.000002,0.261410037,0.337776644054554,0.00219808393810031,40.6891630868522,0.0980119336114865,9.80119336114864,0.113041696042312
"89",9,2009,119644492399.999,8825047.20000037,1462843500.00001,1399252208.62087,256537508.665949,0.219574770964816,0.17536907308673,0.00214416479622218,29.0692506059275,NA,NA,NA
"90",9,2010,130541396199.997,8851080.00000012,1349910461.00006,1261535078.01496,270150770.548218,0.203437989788566,0.200124955212274,0.00206946438763633,30.5217861038669,0.0530653858496592,5.30653858496593,0.0499681095199358
"91",9,2011,140452469900,8864594.59999975,1577530386.99993,1335802038.25233,188772346.200157,0.180512342816301,0.119663207603345,0.00134403009313086,21.2950907196774,-0.301233360108207,-30.1233360108207,-0.302298671276663
"92",9,2012,146005119999.998,8878109.2000004,1886755764.99994,1797975958.95702,251732971.595956,0.179058077740388,0.133421069258513,0.00172413797266807,28.3543450440939,0.333526740876764,33.3526740876764,0.331496795075565
"93",9,2013,157266571399.994,8891623.79999981,1472274249.99995,1618620978.02427,241555732.63745,0.110818094904873,0.16406979381556,0.00153596362206609,27.1666613512658,-0.0404287086192311,-4.04287086192311,-0.0418871848734694
"94",9,2014,178005750800.004,8905138.40000038,2178306842.99995,1825474311.8175,286172168.465592,0.162899856765119,0.131373671888887,0.00160765687164297,32.1356227844342,0.184704520737279,18.4704520737279,0.182906591609458
"95",9,2015,195385971599.998,8918653.00000016,2590798256.99989,2034756510.78152,530793575.057513,0.238027566326167,0.204876459841441,0.00271664117290966,59.5149934701466,0.854805021409108,85.4805021409108,0.851994401022606
"96",9,2016,210844683185.01,8833416.22600015,2638403718.99995,2413051190.99997,592593362.999989,0.245578447,0.224602989577578,0.00281056820617102,67.0854115597722,0.116429042939677,11.6429042939677,0.127201863735782
"97",9,2017,218651533099.992,8811266.45299971,2844626092.99999,2568330299.99995,665263191.999998,0.259025559,0.233866656021003,0.00304257273007898,75.5014271272565,0.122630177010623,12.2630177010623,0.125452246200887
"98",9,2018,232997023499.999,8788140.62200004,3091243667.00002,3111149065.00009,745094774.999984,0.239491827,0.241033983491532,0.00319787250415234,84.7841206744838,0.119999999939853,11.9999999939853,0.122947259415129
"99",9,2019,230640525638.994,9031213.00000022,2284149065.00005,2284149065.00005,518094775.000015,0.226821788,0.226821788007957,0.0022463301866167,57.3671305283135,-0.30465922942484,-30.465922942484,-0.323374116851831
"100",10,2009,21901043008.0009,1608170.60000002,154353214.000006,135328704.317465,40196358.2831285,0.347994018971419,0.260418019433836,0.00183536273904599,24.9950834091407,NA,NA,NA
"101",10,2010,20196348387.0003,1632933.99999996,171446289.000008,156487621.595715,29702138.3918024,0.253330213354927,0.173244568692887,0.00147066874776832,18.1894298188433,-0.261073896729862,-26.1073896729862,-0.272279691125518
"102",10,2011,22398797868.0009,1657298.00000002,191328847.999992,175897221.586903,23141747.4413342,0.187345034589631,0.120952734954716,0.00103316917174357,13.9635403176339,-0.22087268141875,-22.087268141875,-0.232326661324569
"103",10,2012,22899907086.9993,1681661.99999999,263848709.000002,219146909.202386,30895107.4783965,0.270797251714796,0.117094025570526,0.00134913680483604,18.3717699980119,0.335037795080838,33.5037795080838,0.315695703245909
"104",10,2013,26207301489.0004,1706026.00000003,206317445.999992,223010844.290416,42537318.3822862,0.263846697890617,0.206174122484475,0.00162310943765576,24.9335698179779,0.376830244466074,37.6830244466074,0.357167535881191
"105",10,2014,29713311561,1730390.00000008,202741948.000008,207577071.146213,39101410.768235,0.238189681511699,0.192862952901259,0.00131595600470051,22.5968774485713,-0.0807739590721828,-8.07739590721829,-0.093716719525727
"106",10,2015,33969290889.0014,1754754.00000006,210513843.999991,226700104.46591,51449671.0886209,0.266320965381229,0.244400416196016,0.00151459361506069,29.3201617369838,0.315800889987766,31.5800889987766,0.297531563983304
"107",10,2016,32524227732.0011,1782205.14900003,236600155.999999,214554652.999993,38164653.0000007,0.177878468,0.16130442872574,0.00117342226584061,21.4142872504966,-0.258213858466404,-25.8213858466404,-0.269639525095624
"108",10,2017,38849810447.9998,1799319.74800001,308282385.000008,275282384.999998,42677884.9999987,0.155033113,0.138437637298017,0.00109853521826375,23.7188999050537,0.118256859298522,11.8256859298522,0.107620329717194
"109",10,2018,37084642082.9985,1815965.99999991,297590469.999998,236003270.000001,44562199.9999993,0.188820265,0.149743370478227,0.00120163489512088,24.5391158204512,0.0441520239346588,4.41520239346589,0.0345806896053674
"110",10,2019,36761816357.9984,1852951.99999995,335650592.00001,258402421.000006,48044685.0000003,0.185929701,0.143138984840518,0.00130691814931356,25.9287261623623,0.0781488571031295,7.81488571031295,0.0566283786293965
"111",11,2009,48005695902.9979,5367860.00000025,328851581.99999,315279204.067784,56497656.4172608,0.278585654513097,0.171802902919477,0.00117689485288208,10.5251732379865,NA,NA,NA
"112",11,2010,48464596474.0019,5486371.99999976,327973199.000003,327229554.826039,80729872.5271692,0.308829893958998,0.24614777296839,0.00166574940060577,14.7146187912837,0.428906571468071,42.8906571468071,0.398040531834388
"113",11,2011,54474415702.0013,5559833.00000026,475249722.999995,441016207.36664,83927201.2800884,0.327152579838187,0.176596002519057,0.00154067189521053,15.0952737753246,0.0396052743901353,3.96052743901354,0.0258691706146284
"114",11,2012,56297359136.9985,5633294.00000003,394664577.000007,414480318.906039,85803546.8673697,0.290404347683406,0.217408786771781,0.00152411317658025,15.2315052023504,0.0223568230402381,2.2356823040238,0.00902477351874535
"115",11,2013,66246880584.003,5706754.99999986,388440012.999988,459534311.362313,160160151.259566,0.3486540755139,0.41231630599181,0.00241762555229266,28.0650126489695,0.866591266991941,86.659126699194,0.842563310462497
"116",11,2014,75143014086.0012,5780215.99999986,455596911.999998,512242859.549886,68035720.0574391,0.125603014187123,0.149333145737913,0.000905416436710567,11.7704459586702,-0.575201949284027,-57.5201949284027,-0.580600724970549
"117",11,2015,81366855208.9997,5853676.99999971,645997440.999987,614880970.091488,118863552.047938,0.22688756673353,0.184000035455157,0.00146083502603884,20.3057927603358,0.747075682414878,74.7075682414878,0.725150672424471
"118",11,2016,86056553915.0028,5864016.42899991,701104546.000003,635653060.000018,185002278,0.29104285,0.26387259796772,0.00214977557877491,31.5487311879089,0.556425622594449,55.6425622594449,0.553681334202054
"119",11,2017,88710899469.0037,5908845.00899988,668592142.000024,670901264.399985,188650081.000009,0.281189038,0.282160182791981,0.0021265716177968,31.9267269174724,0.0197176112610307,1.97176112610307,0.0119813290528901
"120",11,2018,93292035573.0012,5952086.50899973,711051639.99998,704446818.999977,194407374.999998,0.275971684,0.273408236566339,0.00208385821797053,32.6620546771369,0.0305183754465964,3.05183754465965,0.0230317301728182
"121",11,2019,88101221605.999,6173718.00000021,720430949.999984,892331924.999977,194407374.999998,0.217864417,0.269848727348543,0.00220663654210625,31.4895132884254,0,0,-0.035899192512595
"122",12,2009,36125526779.9994,3334054.80000016,385627190.000007,380142785.314061,66372835.47483,0.264940000904087,0.172116586164033,0.00183728353302731,19.9075418540892,NA,NA,NA
"123",12,2010,39798484300.0017,3388767.99999997,400897870.00001,384392043.743343,83154005.2804825,0.259708446431587,0.207419424005621,0.00208937618462216,24.5381227869489,0.252831895542813,25.2831895542813,0.23260435501275
"124",12,2011,43811817199.9982,3417664.60000009,500357967.999979,489981938.190356,66730509.6093542,0.191214843850914,0.13336553802888,0.00152311668116238,19.5251779853858,-0.197506970538955,-19.7506970538955,-0.204292106820386
"125",12,2012,48498804221.9996,3446561.19999994,614122836.000013,520920753.414155,80944549.5065118,0.239353247062517,0.131805145097243,0.00166900093321877,23.4855976172752,0.213006613921694,21.3006613921694,0.202836544427596
"126",12,2013,50640186999.9985,3475457.79999986,580016268.999975,489841412.723976,85076665.3860109,0.176007677515959,0.146679791469806,0.00168002273344712,24.4792687127475,0.0510487229182333,5.10487229182333,0.042309806702189
"127",12,2014,57354715489.9983,3504354.40000011,740830061.999969,577359199.871111,111108172.717135,0.263577896656138,0.149977948272218,0.00193721077278312,31.70574663257,0.305977052732544,30.5977052732544,0.295208080135961
"128",12,2015,55580399481.9982,3533251,630082977.99999,549826368.453879,81070176.2141502,0.219728222983473,0.128665872662491,0.00145861089466274,22.9449241545959,-0.270349118056845,-27.0349118056845,-0.27631654852671
"129",12,2016,61819176207.0007,3588255.10499999,626810870.999983,526380999.999977,97393399.9999952,0.185024535,0.15537924516947,0.00157545612827118,27.1422730965488,0.201346839838199,20.1346839838199,0.182931480342774
"130",12,2017,64705509116.9999,3607209.7560001,655355928.000002,560105899.999987,99364200.0000028,0.177402523,0.151618678880711,0.0015356374033057,27.5460000169727,0.0202354574335396,2.02354574335395,0.0148744697611646
"131",12,2018,71752469081.0001,3625040.00000003,733218343.000014,609313300.000014,106319700.000005,0.174491021,0.1450041464661,0.00148175667488156,29.3292487807042,0.0700000603839395,7.00000603839395,0.0647371220007532
"132",12,2019,69141484878.0005,3643974.00000012,665554738.000025,644639299.999978,120040900.000004,0.186214058,0.180362174808827,0.00173616317630168,32.9423041986578,0.129056045116741,12.9056045116741,0.123189497452475
"133",13,2009,27569795637.9996,2601117.2,175678481.999995,173602233.14528,31989656.400515,0.339833474380045,0.182092058380353,0.0011603153255305,12.2984294596626,NA,NA,NA
"134",13,2010,27396671007.0001,2665018.00000011,165623003.000003,159818884.958044,32082999.1122392,0.318371444062367,0.193711009528299,0.00117105465492656,12.0385675114532,0.00291790291697688,0.29179029169768,-0.0211296856287004
"135",13,2011,31852947441.0006,2703686.20000006,175395874.999996,169715304.789806,41118778.512987,0.358302468642647,0.234434125163935,0.0012908939930645,15.2084137992738,0.281637616518863,28.1637616518863,0.263307597420116
"136",13,2012,37656243099.9997,2742354.40000011,183328783.999992,158398725.448446,60659175.1818165,0.390857607691908,0.330876438812898,0.00161086635808916,22.1193785828024,0.475218315705994,47.5218315705994,0.454417197923605
"137",13,2013,39440449578.9982,2781022.60000012,242269384.000008,172875465.276042,69219572.1134505,0.408858451180181,0.285713246018111,0.00175504013905332,24.8899710895724,0.141122870628813,14.1122870628813,0.125256344630047
"138",13,2014,39590016257.9991,2819690.79999991,255226359.000009,186301140.040499,49328624.6502175,0.364537500542732,0.193274020925933,0.00124598647115359,17.494338262273,-0.287360162103166,-28.7360162103166,-0.297133042086892
"139",13,2015,46138516886.0002,2858359.00000003,259104764.000006,195092960.720373,110190026.134821,0.432528716566599,0.425272096250683,0.00238824378354164,38.5501002969955,1.23379481824525,123.379481824525,1.20357579229675
"140",13,2016,46098966677.001,2913152.42099993,288974138.000014,217690656.000003,87862615.9999978,0.403612252,0.304050101535362,0.00190595630083468,30.1606655960141,-0.202626416546129,-20.2626416546129,-0.217624199064281
"141",13,2017,47928797634.0019,2947205.55400003,257136080.99999,222971553.999991,91978762.0000032,0.412513437,0.357704611668274,0.00191907092479931,31.2088045148962,0.0468475238661857,4.68475238661856,0.034751849741029
"142",13,2018,50432874625.0017,2980532.15499989,244721483.000004,235856069.999997,103366358.999997,0.43826033,0.4223836736066,0.00204958293114535,34.680504562448,0.123806808793461,12.3806808793461,0.111241045644498
"143",13,2019,54258090012.0017,3050720.00000009,315321111.999988,311774462.000001,96880920.9999966,0.3107404,0.307245272558852,0.00178555715799371,31.7567397204574,-0.0627422506001244,-6.27422506001244,-0.0843057181225806
"144",14,2009,74232302782.9992,7230968.19999978,739000000.000019,676382688.399666,140418191.892321,0.241887183622681,0.190011085104624,0.00189160495671003,19.4190028234843,NA,NA,NA
"145",14,2010,73161157494.9982,7350681.99999984,761169999.999986,736897550.704275,77258612.0035634,0.196799292390607,0.101499812136008,0.00105600587318271,10.5104005320275,-0.449796276661868,-44.9796276661868,-0.458756938882733
"146",14,2011,78279855164.9995,7449511.59999996,761169999.999986,741095285.069887,114641381.500919,0.237139984868939,0.150612059725057,0.00146450681671902,15.3891137643064,0.483865403841734,48.3865403841734,0.464179573120202
"147",14,2012,82381269115.9986,7548341.20000027,818501399.999968,744206095.887685,114980327.979927,0.212450853512915,0.140476641799185,0.00139570959774881,15.2325292317103,0.002956580552065,0.295658055206505,-0.01017501949718
"148",14,2013,89751186158.997,7647170.80000035,858019000.000003,813279636.14929,156873547.508413,0.246742719470555,0.182832253724465,0.00174787157944081,20.5139327486193,0.364351191760379,36.4351191760379,0.346718751467387
"149",14,2014,90391564936.9971,7746000.40000009,917273857.000037,824202809.180628,120330888.346401,0.208817992897406,0.131183165668697,0.00133121811122831,15.534583285898,-0.232943410424579,-23.2943410424579,-0.242730125117351
"150",14,2015,96809252327.0018,7844830.00000027,949208705.000027,879191304.048088,150954278.313755,0.222737699776455,0.159031704533042,0.00155929598344446,19.2425174686705,0.254493176175996,25.4493176175996,0.238689002114299
"151",14,2016,103116208092,8022181.11400018,992137994.999953,977836646,286508028.000001,0.293001934,0.288778405266109,0.00277849654580373,35.7144801305959,0.897978852937838,89.7978852937838,0.8560191091807
"152",14,2017,112294000409.002,8110942.57299973,1000458646.00002,1005361389.00004,293292913.000004,0.291728841,0.293158457046308,0.00261183065819865,36.1601515927801,0.0236813085042187,2.36813085042187,0.0124787330112199
"153",14,2018,115535056098,8197483.106,1003165575.00004,1002621096.00005,298213716.000005,0.297434113,0.297272677045356,0.00258115351367511,36.3786923551855,0.0167777766931606,1.67777766931607,0.00604369043765517
"154",14,2019,135327398399.107,8325799.99999964,1074838872.02055,997060128.99997,297160129.000013,0.298036317,0.276469466015305,0.00219586079770506,35.6914805784461,-0.00353299309677346,-0.353299309677346,-0.0188905024410944
"155",15,2009,152712865699.994,14942188.6000005,1173083399.99997,1074863561.17654,370483776.354996,0.389829853264152,0.315820491838011,0.002426015481124,24.794478658567,NA,NA,NA
"156",15,2010,171651094799.994,15175861.9999997,1243886099.99995,1220495162.7882,302096451.322085,0.290452918512704,0.24286504312742,0.00175994479775433,19.9063783870789,-0.184589257067446,-18.4589257067446,-0.197144708658721
"157",15,2011,184527925799.997,15378211.1999995,1315923099.99999,1401025551.46825,325913865.882992,0.293516534027333,0.247669385758936,0.00176620348638307,21.1932234278979,0.0788404314472165,7.88404314472164,0.0646448598432287
"158",15,2012,200597518799.994,15580560.4000004,1371074999.99996,1349336796.47696,342474319.756834,0.296993145304064,0.249785255917324,0.00170727096628896,21.9808730215394,0.050812363656194,5.08123636561939,0.0371651625493011
"159",15,2013,219586339299.991,15782909.6000005,1412140700.00001,1645963603.92074,375913224.462203,0.264300910091781,0.26620097024482,0.00171191534801554,23.8177391868347,0.0976391594240156,9.76391594240156,0.0835665700582226
"160",15,2014,258704204899.995,15985258.7999998,1536928699.99993,1438269699.29977,319671901.186335,0.293464618542176,0.207993969522692,0.00123566565649719,19.9979184063219,-0.149612515910631,-14.9612515910631,-0.160377135317035
"161",15,2015,246144883599.995,16187607.9999992,1541387399.99994,1544416365.13904,360339464.470712,0.255032968087746,0.233776054268204,0.00146393237673911,22.2602045015378,0.12721657153305,12.721657153305,0.113126078887327
"162",15,2016,275773701100.008,17118524.8000004,1586642600.00005,1581251406.00005,177156330.999992,0.112035525,0.111654843378078,0.000642397481316565,10.3488082688053,-0.508362673346896,-50.8362673346896,-0.535098239187769
"163",15,2017,291013540926.012,17363387.4699997,1675935500.00003,1679590944.99997,210544910.000008,0.125354873,0.125628289394195,0.000723488361847526,12.1257969024642,0.188469578318472,18.8469578318472,0.171709494224121
"164",15,2018,343224656000.005,17604619.12,1813406600.00003,1817061994.99997,234999253.000005,0.129329243,0.129589940281458,0.000684680569684951,13.3487269107135,0.116147870779663,11.6147870779663,0.100853578373953
"165",15,2019,321762203884.606,17245551.0000004,1844998269.42542,1508265749.00001,227237206.000005,0.150661252,0.123163912815362,0.000706227155509849,13.1765697715312,-0.0330300922275685,-3.30300922275686,-0.0128968957364879
"166",16,2009,44224259187.9996,4274044.19999987,444061009.000006,406337735.141757,113367947.412821,0.320231726059579,0.255298134975006,0.00256347872173252,26.5247484836082,NA,NA,NA
"167",16,2010,48321358299.9989,4351037.00000003,482903525.000006,490102027.266695,71039946.7015292,0.21986515899857,0.147110018924646,0.00147015624561884,16.3271299925808,-0.373368325679898,-37.3368325679898,-0.384456746020772
"168",16,2011,53751245848.9995,4397723.8000002,610155883.000013,539179883.806993,98126227.7471325,0.272758523141796,0.160821571144518,0.00182556192321185,22.3129582960913,0.381282395374043,38.1282395374043,0.366618524274049
"169",16,2012,52758184476.9983,4444410.60000001,606875586.000019,577050138.136654,80311511.604837,0.204578751827485,0.132336039638995,0.00152225692375467,18.0702277158723,-0.181548975756037,-18.1548975756037,-0.190146484563734
"170",16,2013,58040153557.0027,4491097.40000008,655959999.999988,685220622.539518,97332977.5191682,0.215787554081748,0.148382489052945,0.00167699379746773,21.6724263248369,0.211943039972691,21.1943039972691,0.199344394857873
"171",16,2014,61732510923,4537784.2000002,698456999.999994,735000925.991972,84579495.789825,0.155910367951649,0.121094778618907,0.00137009647793725,18.6389418407824,-0.131029400871166,-13.1029400871166,-0.13996976797093
"172",16,2015,62740715680.9971,4584470.99999987,809103002.00002,678639776.259817,77476534.2110528,0.171176450115818,0.0957560829950435,0.00123486851194015,16.8997762688552,-0.0839797105958466,-8.39797105958466,-0.0933081709671862
"173",16,2016,68479297624.9984,4627901.58600021,881134999.999957,802999999.999971,115990091.770735,0.185225983237344,0.131637140473073,0.00169379791840028,25.0632148534911,0.497099643806577,49.7099643806577,0.483050098105757
"174",16,2017,71829276721.0011,4658159.41199995,899565079.000032,897390000.000005,149996315.401442,0.171130418062901,0.166743150554687,0.00208823368755412,32.20076904518,0.293182142643034,29.3182142643034,0.284782069395805
"175",16,2018,79944803604.9962,4687210.52499982,984436830.000012,984436830.000012,169128604.377849,0.206403242081016,0.171802394245903,0.00211556720075899,36.0829972274087,0.12755172635543,12.755172635543,0.120563213157476
"176",16,2019,79978749718.001,4791977.00000003,923814304.999961,923814302.999996,150542066.000003,0.162957063,0.162957063108055,0.00188227581114737,31.4154400156765,-0.109895889262601,-10.9895889262601,-0.129356139189752
"177",17,2009,18775732999.9997,1744361.39999997,254616000.000012,245732270.162785,22198733.9420543,0.181251448679773,0.0871851491738668,0.0011823098433523,12.7259947061742,NA,NA,NA
"178",17,2010,19543847999.9992,1777226.99999995,298177000.000013,244031169.073344,23801445.7083372,0.149229566602845,0.0798232114091165,0.00121784848655895,13.3924623631859,0.0721983411516376,7.21983411516376,0.0523705747487351
"179",17,2011,23701327999.9991,1802543.79999996,355022000,297105331.810974,42347943.2845394,0.210341091540967,0.119282588922769,0.00178673293262475,23.4934337154749,0.779217271230956,77.9217271230956,0.754228093263509
"180",17,2012,20842341999.9999,1827860.59999993,421387289.999989,372797495.241977,30894262.2099106,0.142053165568256,0.0733156005011718,0.00148228362292063,16.90186998391,-0.270466053042305,-27.0466053042305,-0.280570469663747
"181",17,2013,24395158680.9988,1853177.39999997,411440538.999988,448052607.931783,44597206.7519188,0.132564782633861,0.108392835718894,0.00182811710040875,24.0652658250201,0.443543349535384,44.3543349535384,0.423822680444788
"182",17,2014,26190832000.0008,1878494.19999995,397142382.999985,412660691.662854,23108120.0301399,0.0565306072900932,0.058185983212325,0.000882298051094335,12.3014061103518,-0.481848265549823,-48.1848265549823,-0.48883148851145
"183",17,2015,28242232298.0007,1903811,470915541.000011,445514426.87384,54485575.6275578,0.131317702453525,0.115701375053062,0.00192922340743635,28.6192146318924,1.35785410308119,135.785410308119,1.3264994566604
"184",17,2016,30371811620.0007,1943044.30500004,554292438.000012,454753999.999999,4754000.00000011,0.010454004,0.00857670008480255,0.000156526718243882,2.44667606794484,-0.912747549323942,-91.2747549323942,-0.914509321817017
"185",17,2017,32637459473.0017,1965486.7240001,430510000.000003,468500000.000022,18500000.0000008,0.039487727,0.0429722886808685,0.000566833335030393,9.41242684272637,2.89145982330677,289.145982330677,2.8470261617561
"186",17,2018,32842176408.0006,1987595.76300003,427500000.000005,418499999.999999,18500000.0000008,0.044205496,0.043274853801171,0.000563300061791706,9.30772762972558,0,0,-0.0111235088198
"187",17,2019,31497810280.0003,2022567.99999992,468500000.000022,468500000.000022,18500000.0000008,0.039487727,0.03948772678762,0.000587342416363067,9.14678764817873,0,0,-0.0172910067794485
"188",18,2009,14845244193.0005,1057919.99999996,191947783,199437064.921219,23455284.4061891,0.162564940688169,0.122196172519425,0.00157998643210249,22.1711324166194,NA,NA,NA
"189",18,2010,15996551568.9996,1084979.00000002,230822720.000007,219604103.598302,27288248.0173619,0.213514180476426,0.118221672534494,0.00170588316485942,25.1509457946756,0.163415780631568,16.3415780631567,0.134400594523649
"190",18,2011,17627753637.0005,1104193.20000004,232551893.00001,231651622.493375,20793214.1636406,0.139285621727581,0.0894132225517496,0.00117957254178977,18.8311376701467,-0.238015787953442,-23.8015787953442,-0.251275167785811
"191",18,2012,20948904455.9994,1123407.39999996,248368507.999993,252686550.977515,39162196.4401547,0.20051751288244,0.157677785946018,0.0018694150103367,34.860190915741,0.883412354239802,88.3412354239802,0.851199408467254
"192",18,2013,19006757092.0007,1142621.60000003,265436403,246664111.605285,20400209.7158306,0.129551779186524,0.0768553577627808,0.00107331353881596,17.8538631825533,-0.479084127801539,-47.9084127801539,-0.48784379220105
"193",18,2014,23145755414.999,1161835.80000004,266168794,279560681.066975,50075972.7717046,0.215754690089598,0.188136152323344,0.00216350565681923,43.1007314215166,1.45467931306831,145.467931306831,1.41408433462369
"194",18,2015,21197630447.0006,1181050.00000005,268598438.99999,277929165.077328,39945576.0110291,0.183510846154844,0.148718570963216,0.00188443590951842,33.8220871351994,-0.202300548545703,-20.2300548545703,-0.215278116642009
"195",18,2016,21889803216.9998,1246202.14999998,271561439.000003,271561439.099992,44194587.6699989,0.162742501,0.162742500675873,0.00201895774173415,35.4634179294262,0.106370018492077,10.6370018492077,0.0485283710513136
"196",18,2017,22323649898.0005,1268459.58800003,284185540.000014,277184439.000005,49817588.0000025,0.179727218,0.175299517350531,0.00223160586318211,39.2740836769971,0.127232781805558,12.7232781805558,0.107453425813447
"197",18,2018,28802670338.999,1290518.81300005,342614411.999988,315274999.999996,50308312.9999994,0.159569623,0.146836534710633,0.00174665447362641,38.9830140352998,0.00985043675733204,0.985043675733199,-0.00741123953625846
"198",18,2019,26118932280.9999,1270645.99999996,358403346.999992,337168852.50001,50208967.5500026,0.148913422,0.140090677082889,0.00192232082880842,39.5145206060572,-0.00197473228722245,-0.197473228722245,0.0136343118640362
"199",19,2009,53271462000.0024,4562624.7999998,305809243.99999,272016250.271937,107371697.831593,0.390079074280447,0.351106776326215,0.00201555755747023,23.5328791075694,NA,NA,NA
"200",19,2010,59343348959.0005,4653458.00000015,312147845.999991,282056834.542084,73397762.5328014,0.340470110482804,0.235137815215945,0.00123683216098085,15.7727355727287,-0.316414250541871,-31.6414250541871,-0.329757506481414
"201",19,2011,71685109267.0024,4746667.19999982,350639820.999999,380452274.68342,102779126.683927,0.315025935888322,0.29311880889857,0.00143375838768845,21.6529034696031,0.400303267255533,40.0303267255533,0.372805837627893
"202",19,2012,79861135261.997,4839876.40000023,379164916.99999,338828045.720114,90419905.799734,0.323984561147509,0.238471181656652,0.00113221413022864,18.682275811781,-0.120250300649092,-12.0250300649092,-0.137193040277132
"203",19,2013,107864952820.002,4933085.59999979,419535604.000002,415912802.277395,134939794.937941,0.303496995737372,0.321640865879741,0.0012510068507898,27.3540347521937,0.492368231800765,49.2368231800765,0.464170373447989
"204",19,2014,87002774628.9997,5026294.80000016,454716152.99999,438218578.153306,149638667.378603,0.301351020865572,0.329081486090524,0.00171992983001631,29.7711680935623,0.108929114998448,10.8929114998448,0.0883647828653403
"205",19,2015,86631471999.9979,5119503.99999997,477184343.000012,465775997.675445,114801094.480498,0.29670354533134,0.240580178634434,0.0013251661530177,22.424261116018,-0.232811301439633,-23.2811301439633,-0.24677926490674
"206",19,2016,94225939358.9965,5157780.41100017,488200986.000016,488672463.000009,186552672,0.381754009,0.382122685839872,0.00197984412009142,36.1691768812284,0.625007782758472,62.5007782758472,0.612948435361919
"207",19,2017,119066963889.997,5229491.77899996,534999000.000023,534999000.000023,207998999.999994,0.388783904,0.388783904268952,0.00174690773330005,39.7742283170335,0.114961248048993,11.4961248048993,0.0996719236283254
"208",19,2018,109971210060.996,5300618.5589998,566039785.000024,556114723.000013,206114723.000007,0.370633458,0.364134692405055,0.00187426075320699,38.8850321346081,-0.00905906759160947,-0.905906759160946,-0.0223560888557743
"209",19,2019,109341920525.067,5533147.00000021,593119616.750809,578115632.999986,228115633.000002,0.394584785,0.384603082679427,0.00208625961483551,41.2271051175747,0.106741089039009,10.6741089039009,0.0602307071486795
"210",20,2009,51602400999.9975,3742933.79999996,269934999.999998,303548438.967135,59367188.6830182,0.295812462569128,0.219931423057472,0.0011504733797759,15.8611377746031,NA,NA,NA
"211",20,2010,51711486000,3801962.00000018,271159000.000007,245819393.849657,66428367.6144633,0.250830949155311,0.244979394430801,0.00128459599119745,17.4721282365421,0.118940766576418,11.8940766576418,0.101568404791142
"212",20,2011,55909702999.9995,3835147.39999995,499237999.999976,432482047.450827,77871427.836357,0.231469489782108,0.155980570061495,0.0013928070380978,20.3046766432909,0.172261650147824,17.2261650147824,0.16211810996354
"213",20,2012,57288047999.9997,3868332.79999981,617917999.999972,532345676.568998,100516539.363641,0.231525935282254,0.162669705953939,0.00175458132844118,25.9844601177144,0.290801288180718,29.0801288180718,0.279727846653502
"214",20,2013,60063522940.0001,3901518.20000017,668389401.999985,611902708.760798,110216357.369237,0.22423556876381,0.164898421548042,0.00183499654989163,28.2496073885372,0.0964997210111317,9.64997210111316,0.0871731512050416
"215",20,2014,66823344327.0031,3934703.60000001,695211312.999991,493045174.901563,172892941.652812,0.325565138640907,0.248691208586265,0.00258731351137939,43.9405249363159,0.568668623964784,56.8668623964784,0.555438429000804
"216",20,2015,70202467499.0036,3967888.99999998,777476656.999974,707237271.394556,84819137.0995293,0.153041433772898,0.10909541313667,0.0012082073482778,21.3763885782918,-0.509412378037646,-50.9412378037646,-0.513515402711435
"217",20,2016,70535315068.0022,4037357.08699995,807186963.000021,676300000.000022,71299999.9999983,0.105426586,0.0883314563642135,0.00101084116419213,17.6600678274359,-0.159387816969503,-15.9387816969503,-0.173851665226083
"218",20,2017,77765055730.9968,4061497.01999997,816380770.000028,468597350,71299999.9999983,0.152156217,0.0873366970659976,0.000916864256442351,17.5551033643252,0,0,-0.0059436047548854
"219",20,2018,89956220038.0019,4084674.03799992,1021412773.00001,472597349.900009,75299999.9999985,0.159332252,0.0737214199689648,0.000837073856240158,18.434763533021,0.0561009817671846,5.61009817671845,0.0501085154806553
"220",20,2019,86238401018.2551,4120741.00000007,810897197.707193,499975972.799991,97706118.0000034,0.195421627,0.120491374586405,0.00113297692033182,23.710812691213,0.297558007968199,29.7558007968199,0.286201075958548
"221",21,2009,51084726799.9999,5700489.80000009,237436799.999994,237658584.817029,64753399.0346856,0.367843253904913,0.272718462490596,0.00126756866662319,11.3592693446596,NA,NA,NA
"222",21,2010,54491394199.9994,5779828.99999979,276519499.999992,275919589.374887,94547404.2442804,0.388859474981058,0.341919482149661,0.00173508873524622,16.358166347877,0.460114922980883,46.0114922980883,0.440072054948467
"223",21,2011,60603610609.9998,5857639.80000019,312613326.999995,302053627.724314,81838662.3272883,0.328180437907751,0.261788782687725,0.00135039251793002,13.9712691666848,-0.134416613746018,-13.4416613746018,-0.145914715037852
"224",21,2012,65262591299.9987,5935450.59999988,329600052.999984,275394257.413264,143889838.919558,0.433263791877539,0.436558907105408,0.00220478280211286,24.2424457074178,0.758213475485645,75.8213475485645,0.735164172860203
"225",21,2013,76469525178.9992,6013261.39999996,331859183.000011,306288076.041538,161414179.157345,0.459063907905084,0.486393589287356,0.00211083014808197,26.8430338247637,0.121789977453406,12.1789977453406,0.107274164856647
"226",21,2014,86757472082.9986,6091072.20000004,314714397.000013,299093311.043374,126871038.948588,0.441327022604434,0.403130712029622,0.00146236440392378,20.8290157763337,-0.214003133981706,-21.4003133981706,-0.224043902328277
"227",21,2015,84600371524.0008,6168883.00000002,340986692.999985,272609569.16025,149576144.256676,0.465178149673316,0.438656837135528,0.00176803176584446,24.246876502063,0.178962082254949,17.8962082254949,0.164091321569441
"228",21,2016,91006249337.0023,6254596.74700023,354405019.999989,282673342.00001,138587971.000003,0.490276055,0.391044040516152,0.00152284015668861,22.1577787675075,-0.0734620705145147,-7.34620705145147,-0.0861594578739962
"229",21,2017,93549549169.0042,6313789.10200004,320852526.000006,299448205.999991,154376218.999998,0.515535628,0.481143847999485,0.00165020804879675,24.4506454849902,0.113922210463664,11.3922210463664,0.103479087030374
"230",21,2018,97524389899.9976,6371380.81499999,330181643.999998,299448205.999991,154376218.999998,0.515535628,0.467549368068441,0.00158294985652611,24.229633023434,0,0,-0.00903912584605865
"231",21,2019,98178185099.9956,6542483.99999993,375248237.999996,304220916.999994,154376218.999998,0.507447747,0.411397585296589,0.00157240856349874,23.5959643156941,0,0,-0.0261526333117425
"232",22,2009,19909497553.9998,1781977.39999996,205223970.000001,202755053.72355,41999275.0692764,0.280043556104508,0.204650923911452,0.00210950954213502,23.5689156715889,NA,NA,NA
"233",22,2010,20840840995.0002,1827937.00000005,195421000.000004,195905436.944403,33486858.1061894,0.277489868902324,0.171357520973635,0.00160679015372859,18.3194815281864,-0.202680092669363,-20.2680092669363,-0.222727011142497
"234",22,2011,23029159646.001,1870023.99999998,211867441.000001,199086694.275889,38604712.8541674,0.23806784709355,0.182211635124092,0.00167634049386041,20.643966523514,0.152831738700265,15.2831738700265,0.126885959722778
"235",22,2012,23209493329.9989,1912111,226982461.00001,266727228.617992,24787109.6912456,0.143537616888117,0.109202753296628,0.00106797289104143,12.9632169320952,-0.35792529308841,-35.792529308841,-0.372057839886061
"236",22,2013,25925432463.9995,1954198.00000009,271270584.000013,275186983.031744,28195445.0816267,0.124847641028966,0.103938453870934,0.00108755929609966,14.4281414071785,0.13750434935078,13.7504349350779,0.113006245498858
"237",22,2014,28685924883.9992,1996285,332860577.00001,343683869.711567,45728740.486413,0.16513777066202,0.137381064764577,0.00159411769609424,22.906919846822,0.621848506169236,62.1848506169236,0.587655623850825
"238",22,2015,30788984952.0001,2038372,356860560.000012,375074063.404797,31210869.3832909,0.0684392989111234,0.0874595651121823,0.00101370244689614,15.3116650853185,-0.317478044413573,-31.7478044413573,-0.331570320771747
"239",22,2016,34073274896.9988,2034029.92100009,493162381.000017,372967664.999986,73333689.0000027,0.196622109,0.148700898173334,0.00215223482983909,36.0533973678943,1.34962019479223,134.962019479223,1.35463596983086
"240",22,2017,35094990443.0012,2063148.03000006,305735034.999994,361027822.000018,77820962.0000016,0.215553919,0.254537272772822,0.00221743790260872,37.7195241778164,0.0611897895931396,6.11897895931395,0.0462127547348926
"241",22,2018,37546904192.9992,2091823.16900007,322373358.99999,390389115.00001,85015756.0000034,0.21777184,0.263718305581219,0.00226425474555783,40.6419420436205,0.0924531619128745,9.24531619128746,0.0774775909692642
"242",22,2019,40176600928.6776,2239111.99999997,381385318.931165,406539189.999985,91086062.9999992,0.224052355,0.238829494683405,0.00226714209003637,40.6795475170516,0.0714021410336635,7.14021410336636,0.0009252873150292
"243",23,2009,20433430000.001,1287524.20000001,321154849.999996,292464713.92784,29878525.9721282,0.111094918779047,0.0930346403678119,0.0014622374203512,23.2061859280998,NA,NA,NA
"244",23,2010,23018067843.9998,1325578.00000004,335215698.000009,312419425.187383,26303490.8755273,0.0794661411597699,0.0784673600683419,0.00114273235502623,19.8430351707154,-0.119652324881619,-11.9652324881619,-0.144924752727765
"245",23,2011,29908394067.0011,1360774.8,375412899.999984,330746525.606717,44319135.4047301,0.156118071438485,0.118054375341742,0.00148182932542101,32.5690447859044,0.684914584701172,68.4914584701172,0.641333823465186
"246",23,2012,24731205463.0008,1395971.60000004,421364619.999993,366097733.416903,38903656.8934491,0.128162675525437,0.0923277727813258,0.0015730594673863,27.8685160166927,-0.122192783361542,-12.2192783361542,-0.144325042386448
"247",23,2013,28627029521.0014,1431168.39999994,452943291.000002,414584621.96198,60323674.0978672,0.188523459436178,0.133181515868544,0.0021072278579799,42.149948320456,0.550591356053859,55.0591356053858,0.51245758099244
"248",23,2014,29020060883.9992,1466365.20000004,452645955.000012,392257141.066016,48369635.5041931,0.145380279011229,0.106859754229311,0.00166676547294436,32.9860770728818,-0.19816496213875,-19.816496213875,-0.217411209567887
"249",23,2015,31485016999.9992,1501561.99999997,460250016.999996,443537553.934058,100115590.474418,0.225162721833797,0.217524360187952,0.00317978518081857,66.6742968151966,1.0698024583158,106.98024583158,1.02128603131199
"250",23,2016,28443456000.0011,1619762.47600007,472644944.99999,450925030.999996,110157167.999999,0.244291535,0.233065367915869,0.00387284751895108,68.0082232007414,0.100299838196992,10.0299838196992,0.0200066059825432
"251",23,2017,49428582588.9993,1664666.55299999,612178073.999997,546029500.000012,110157167.999999,0.201742155,0.179943014424262,0.00222861272223725,66.1737137695702,0,0,-0.0269748178210182
"252",23,2018,33904126851.0004,1709478.69999999,775970245.00002,629748441.000014,160889983.000007,0.25548294,0.207340402594951,0.00474543950673248,94.1164010993572,0.460549376142356,46.0549376142356,0.422262643851134
"253",23,2019,42464069437.0288,1684541.00000003,713504695.200012,653163066.000011,184304608.000008,0.282172428,0.258308893045677,0.00434024836628808,109.409392825704,0.145531900516146,14.5531900516145,0.162490188189434
"254",24,2009,26790528999.9994,2550497.2000001,192100274.999994,170450297.524732,53284069.4028179,0.35430684284248,0.277376330683647,0.00198891441833116,20.8916400311343,NA,NA,NA
"255",24,2010,27761178000.0008,2585518,197545489.000006,191678657.380586,31390945.744453,0.2417663389346,0.158904897820532,0.00113074977381911,12.1410664108519,-0.410875593845075,-41.0875593845075,-0.418855274513711
"256",24,2011,30411733999.9989,2611978.40000001,220641759.999994,225614630.894401,73808388.1148204,0.324294192653244,0.334516857166216,0.00242697072501104,28.257656385987,1.35126360051968,135.126360051968,1.3274443471234
"257",24,2012,32585280000.0005,2638438.80000002,361963534.999988,304493516.849982,65346812.4587563,0.239810083540681,0.180534242099162,0.00200540895946744,24.7672269141721,-0.114642466421307,-11.4642466421307,-0.123521548430529
"258",24,2013,34743294999.9984,2664899.20000007,390188580.000017,331151175.178144,45934446.7449999,0.231656025238839,0.117723708738472,0.00132210968317778,17.2368421083239,-0.297066757862268,-29.7066757862268,-0.304046344467382
"259",24,2014,37753501344.0004,2691359.60000012,417137671.000018,339618056.929098,66703653.7257723,0.245127077889503,0.159908007267388,0.00176682033059624,24.7843705931267,0.452148843678698,45.2148843678698,0.437871881483325
"260",24,2015,42794555000.0004,2717820.00000006,461843342.999995,366776377.987956,88120883.0470456,0.28406244286212,0.190802540261031,0.00205916110231885,32.4233698504845,0.321080302577163,32.1080302577163,0.308218408397923
"261",24,2016,45899718000.0006,2777994.74599989,508227041.00002,453070533.000014,169553409.999997,0.37423182,0.333617451102903,0.00369399676921752,61.0344602861982,0.924100214809206,92.4100214809206,0.882421863231657
"262",24,2017,49261997000.002,2801839.3670001,312435606.999986,508717382.000014,215649332.000009,0.423907929,0.690220087494761,0.0043776002828306,76.9670576193317,0.271866676111156,27.1866676111156,0.26104265128951
"263",24,2018,49019995760.0016,2824975.98299994,314884257.999993,512804342.999981,219736292.999997,0.428499282,0.697831941157256,0.00448258490424623,77.7834198670431,0.0189518834215007,1.89518834215008,0.0106066448810996
"264",24,2019,50619676773.0006,2845958.99999987,320138937.000001,595136659.999998,286428042.999986,0.481281128,0.894699175564468,0.00565843287155796,100.643769991064,0.303508123712587,30.3508123712587,0.293897467649235
"265",25,2009,31311244006.0008,2735897.20000007,163017963.000003,175737765.334294,72018202.0019715,0.409900836303598,0.441780774809277,0.0023000747587087,26.3234313050833,NA,NA,NA
"266",25,2010,32447179759.9996,2767760.99999997,170785631.000007,158296286.91273,45296563.2700473,0.309158103731702,0.265224673790299,0.00139600925581484,16.3657784288628,-0.371040070275466,-37.1040070275466,-0.378280960442174
"267",25,2011,34699337023.0005,2807472.99999992,240983384.999997,231910127.732197,73666253.6195749,0.354259543008323,0.305690177020195,0.00212298735191237,26.2393453541947,0.626309995758272,62.6309995758272,0.603305670319891
"268",25,2012,39077641041.9992,2847184.99999989,302743395.000013,328763177.868816,65955489.7951237,0.220761525361259,0.217859384826945,0.00168780632700518,23.1651577944975,-0.10467158903276,-10.467158903276,-0.117159461038373
"269",25,2013,42808458565.0006,2886897.00000003,397867917.000018,341218417.37174,52594203.6511883,0.266983139554918,0.132190109842875,0.0012285937268993,18.2182473608126,-0.202580349042048,-20.2580349042048,-0.213549610910053
"270",25,2014,46202361657.9979,2926608.99999992,351202544.999991,341526575.412986,44755228.0888678,0.186820766951152,0.127434236243558,0.000968678363676685,15.2925204866346,-0.149046378082071,-14.9046378082071,-0.160593212740718
"271",25,2015,47721223039.0004,2966320.99999997,376738399,390846427.988873,57940762.0377849,0.242350629555744,0.153795743124621,0.00121415081902726,19.5328698538646,0.294614383882377,29.4614383882377,0.277282569013788
"272",25,2016,49226286480.0023,3009952.10099999,385988982.000013,383911815.000015,91458659.9999994,0.238228303,0.236946297083673,0.00185792320607311,30.3854204090538,0.578485625376423,57.8485625376423,0.55560450852244
"273",25,2017,53492260254.0004,3034942.31799997,398219085.999989,383911815.000015,91458659.9999994,0.238228303,0.229669202746354,0.00170975501064492,30.1352218319163,0,0,-0.00823416539147149
"274",25,2018,60748649261.9993,3059321.66299992,455206103.99999,407157647.99998,101458660.000004,0.249187656,0.222885104370231,0.00167013853365576,33.1637765414033,0.109339017212853,10.9339017212853,0.100498835760336
"275",25,2019,61346029767.0239,3131011.99999992,484277148.114184,408108993.000017,102410005.000002,0.250937879,0.211469827553903,0.00166938276835402,32.70827611009,0.00937667617528646,0.937667617528648,-0.0137348781959335
"276",26,2009,38099931942.0016,2608956.20000013,253168000,251920742.947491,91213310.5320459,0.344547408096175,0.360287676689179,0.00239405442169549,34.9616105214957,NA,NA,NA
"277",26,2010,38992613809.999,2662479.99999996,340135999.999997,286847952.949973,55559748.7667332,0.218906109011369,0.163345687509507,0.00142487879980197,20.8676680263266,-0.390881128613203,-39.0881128613203,-0.403126237176734
"278",26,2011,46017766446.9994,2700049.99999997,424184000.000003,388352766.315249,138162948.427947,0.332021066187334,0.325714662570832,0.00300238275551846,51.1705147785962,1.48674537762981,148.674537762981,1.45214341698553
"279",26,2012,43592775996.0016,2737620.00000006,363464633.999997,414474329.772225,72661076.760155,0.188988766772709,0.199912371007067,0.0016668146292592,26.5416956188782,-0.474091443567823,-47.4091443567823,-0.481308801880957
"280",26,2013,51677125690.998,2775190.00000005,575313195.000029,504053767.806854,123066828.460553,0.204761668495189,0.213912751402385,0.00238145653062107,44.3453703928563,0.693710497393001,69.3710497393001,0.670781363392431
"281",26,2014,60417518876.0002,2812759.99999991,765280331.000002,770070456.951365,85997166.6862857,0.113167752020349,0.112373418213836,0.00142338130208201,30.5739439860808,-0.301215707254123,-30.1215707254123,-0.310549360277617
"282",26,2015,57500205638.0021,2850329.9999999,718020468.000021,669572832.836396,107130373.29587,0.162529470329687,0.149202394737119,0.00186313026374756,37.5852526885917,0.245743056706478,24.5743056706478,0.229323004768471
"283",26,2016,63927615879.9995,2972579.78199992,794426343.000031,772482652.000013,162482652.000006,0.210338254,0.204528278086065,0.00254166606658705,54.6604848030991,0.516681469514396,51.6681469514396,0.454306699917178
"284",26,2017,66317756409.9977,3011809.62199999,790349551.999968,832501079.999975,172140257.8,0.206774816,0.217802689157477,0.00259568880370099,57.1550925870575,0.0594377657006352,5.94377657006351,0.0456382301208015
"285",26,2018,91281697630.9998,3050472.70800007,772887466.999993,880851640.000012,191907639.999994,0.217866019,0.248299588483295,0.00210236712265988,62.9107873991804,0.114832999860849,11.4832999860849,0.100703096637555
"286",26,2019,71312008354.0008,3037752.0000001,708052633.000025,856929919.299998,205297338.999993,0.239573079,0.289946438204949,0.00287886070997852,67.5819945143601,0.0697715786614824,6.97715786614825,0.0742512899344289
"287",27,2009,35970373310.0016,2188876.20000004,294886102.999986,257374880.425587,51527765.4978659,0.254146871570988,0.174737856323695,0.00143250571946493,23.5407399915376,NA,NA,NA
"288",27,2010,35072192520.0003,2238603.00000001,295907650.000008,285888191.067623,63617216.1881487,0.263042455813112,0.214990103122197,0.00181389333306922,28.4182662973955,0.234620123218492,23.4620123218492,0.207195113985851
"289",27,2011,38841502174.0014,2269936.79999997,310816239.000006,314279616.473961,65211642.4061435,0.243875201025755,0.209807707010258,0.00167891659066145,28.7283956126639,0.025062810250597,2.5062810250597,0.0109130272769953
"290",27,2012,44189898217.0004,2301270.60000007,315116293.99999,333296848.048269,64573871.348614,0.201231971646256,0.204920762836263,0.00146128128721898,28.0600948661196,-0.00978001832184192,-0.978001832184194,-0.0232627242939303
"291",27,2013,42092081181.0003,2332604.39999992,350943640.000014,353820480.775259,81670449.6681449,0.237345814485079,0.232716711059763,0.00194028062706031,35.0125592098461,0.264760002187755,26.4760002187755,0.24777052169275
"292",27,2014,43930066445.0012,2363938.19999992,386239805.999985,380886754.058354,72592683.9188074,0.224708570471527,0.187947184083896,0.00165246014389008,30.708367891686,-0.111151166501758,-11.1151166501758,-0.122932782272874
"293",27,2015,47261846214.9977,2395271.99999989,407935876.000003,403547634.599173,64005071.4015443,0.20753058934131,0.156899834427761,0.00135426515312966,26.721420949916,-0.118298595032911,-11.8298595032911,-0.129832590121124
"294",27,2016,48999206617.0021,2407860.47200009,411685102.000006,395216195.000011,69889548.9999984,0.176838778,0.169764581376562,0.00142634042110689,29.0255809307524,0.0919376772746178,9.19376772746179,0.0862289466250733
"295",27,2017,50914543067,2431339.44400001,406487809.999992,405455383.999996,71395070.9999973,0.176086134,0.175638898002867,0.00140225300472689,29.36450160268,0.0215414467762415,2.15414467762416,0.0116766197629645
"296",27,2018,50122890778.0004,2454294.54999999,399534925.000014,413255384.000003,79195071,0.191637119,0.198218143257432,0.00158001802710788,32.2679569980711,0.109251239486868,10.9251239486868,0.0988763723858374
"297",27,2019,55855717951.9462,2544371.99999999,384276089.248165,331749253,81486924.0000041,0.245628056,0.212053068822037,0.00145888240251623,32.0263404879493,0.0289393389142128,2.89393389142127,-0.00748781554829305
"298",28,2009,41913124603.0004,3219690.80000003,105501462.000002,105497956.841635,56535518.5013763,0.439899146682371,0.535874265907094,0.00134887386795613,17.5593005705317,NA,NA,NA
"299",28,2010,40126596364.0007,3268553.99999997,146471132.999999,136165257.192386,42907101.098844,0.358608303758983,0.292938958141631,0.00106929331133945,13.1272425356425,-0.241059386449255,-24.1059386449255,-0.252405158000835
"300",28,2011,39525939136.0008,3303182.7999999,187199101.999997,191861240.312177,65442247.9016296,0.397804434774123,0.349586334562815,0.00165567850713062,19.8118759584337,0.525207861301837,52.5207861301837,0.509218398657702
"301",28,2012,41416355805.0006,3337811.59999986,183041277,195620561.608001,71547316.0271205,0.37733759905865,0.390880773996789,0.00172751355440311,21.4353967812693,0.0932894012850523,9.32894012850523,0.0819468497704057
"302",28,2013,44350144115.0003,3372440.4,202140393.99999,204742076.392749,65633563.0873075,0.355904033219764,0.324692961107569,0.00147989514796433,19.4617414402068,-0.0826551332487637,-8.26551332487637,-0.0920745886442919
"303",28,2014,47400348895.0019,3407069.20000003,222599884.999991,214096193.003159,80730603.6728043,0.384441099967801,0.362671362893146,0.00170316475626864,23.6950290510107,0.230020128046596,23.0020128046596,0.217518438615065
"304",28,2015,52599345087.0014,3441697.99999986,237546033.000004,221355764.069895,85588667.3338776,0.385522148776567,0.360303500980276,0.00162718123566578,24.8681515152931,0.0601762335478462,6.01762335478462,0.0495092224515495
"305",28,2016,54481141906.0023,3583294.81700006,265341164.000007,216605999.999994,76327999.9999985,0.352381744,0.287659852129075,0.00140099853508374,21.3010661690127,-0.108199690710847,-10.8199690710847,-0.143439907227796
"306",28,2017,57152841006.9981,3622604.62900017,271630087.999987,232191000.000008,76327999.9999985,0.328729365,0.280999798520119,0.00133550666345095,21.0699228364495,0,0,-0.0108512564924745
"307",28,2018,73913219047.9969,3661161.74900017,276266507,238087521.500004,81405699.0800025,0.341915017,0.294663656351229,0.00110136860670539,22.2349365204183,0.0665247232994987,6.65247232994988,0.055292736143931
"308",28,2019,60391664953.0129,3620910.00000015,311043320.733385,240975672.300005,84293849.7999981,0.349802322,0.271003568252963,0.00139578615468843,23.279741777618,0.0354784831115719,3.5478483111572,0.0469893519255247
"309",29,2009,14313699809.9997,1149590.20000003,196001796.999998,187918306.614979,30322157.7575146,0.210478203256972,0.154703468139707,0.00211840112340007,26.3764929080935,NA,NA,NA
"310",29,2010,17005539949.9995,1169936.00000001,206187218.999995,202679436.490313,54042366.6597486,0.25973714331589,0.262103378288204,0.0031779271236695,46.1925837479555,0.782273118289395,78.2273118289395,0.75127845498298
"311",29,2011,16516005662.0003,1190518.19999995,226995171.999994,205199312.480467,31538961.4813357,0.204870279871323,0.138941111405385,0.00190959982254668,26.4917928019388,-0.41640302912888,-41.640302912888,-0.426492509133323
"312",29,2012,18063422229.9995,1211100.39999994,223675936.999994,217649854.426827,28208097.4893287,0.191190437779281,0.126111453326915,0.0015616142461909,23.2912956591625,-0.105611086591363,-10.5611086591363,-0.120810892894423
"313",29,2013,18944099595,1231682.6,240892307.000008,219993342.678068,34493003.1451081,0.191866052514778,0.143188479427477,0.00182077817803556,28.0047823563538,0.222805017536438,22.2805017536438,0.202371167588397
"314",29,2014,19170712100.9997,1252264.79999998,243901212.999996,222650426.24772,30020809.0626472,0.189546107894448,0.123085935872929,0.0015659725577477,23.973211626365,-0.129655108998393,-12.9655108998393,-0.14396008077078
"315",29,2015,21522593216.0006,1272847.00000001,257992198.000008,223886771.343929,27855353.612107,0.166820866993918,0.107969751907405,0.00129423779618705,21.8842905801773,-0.0721318151693157,-7.21318151693158,-0.0871356361736043
"316",29,2016,22005412685.9992,1295780.55400004,283960366.000011,234978999.999998,44787999.9999989,0.190604267,0.157726237048156,0.00203531743026546,34.5644946296961,0.607877631843534,60.7877631843534,0.579420383907924
"317",29,2017,22106016308.0007,1313067.14800002,273553568.000009,219999999.999992,49999999.9999989,0.227272727,0.182779557092077,0.00226182769900078,38.0787837668133,0.116370456372246,11.6370456372246,0.101673384053991
"318",29,2018,23180542052.0006,1330142.58099997,300013813.999992,241699999.999997,63200000.000001,0.261481175,0.210656966615553,0.00272642459603513,47.5137033448615,0.264000000000047,26.4000000000047,0.24777365883915
"319",29,2019,23250070288.9999,1364146.99999995,357630351,307504799.999996,72360000.0000023,0.2353134,0.20233182054507,0.00311224865561965,53.0441367389328,0.144936708860778,14.4936708860778,0.116396597291747
"320",30,2009,82831344933.0027,7536597.99999992,380950000.000003,420023575.347887,148803162.503525,0.357860674048482,0.390610742888893,0.00179645957244668,19.7440758421143,NA,NA,NA
"321",30,2010,98322229387.9955,7643193.99999991,400000000.000018,372029590.074668,130333914.792296,0.367590822636389,0.325834786980725,0.00132557932833253,17.0522840048672,-0.12411865044059,-12.411865044059,-0.136334152014622
"322",30,2011,97610841829.0022,7737056.19999963,474999999.999993,430304930.231284,92387861.5106077,0.315639388358771,0.194500761074966,0.000946491801315019,11.9409577909764,-0.291144889970965,-29.1144889970965,-0.299744375148335
"323",30,2012,115871875946.004,7830918.39999968,500999999.999981,637547732.048945,125834921.799657,0.208908693715486,0.251167508582159,0.00108598329639796,16.068986467751,0.362028731287487,36.2028731287487,0.345703313673389
"324",30,2013,112031033702.997,7924780.59999994,541800000.000018,694340556.581621,97180776.9380856,0.194001950569787,0.179366513359325,0.000867445150918799,12.2628980968995,-0.227712183961078,-22.7712183961078,-0.236859267912753
"325",30,2014,111973265208.998,8018642.79999971,577300000.000022,727408887.795866,141138239.441621,0.206021584693535,0.244479888171861,0.0012604637292499,17.6012628273735,0.452326724363821,45.2326724363821,0.435326518111055
"326",30,2015,114416959140.001,8112504.99999991,616000000.000003,715703265.205932,102947995.775061,0.145173135063669,0.167123369764709,0.00089976168348517,12.6900378828811,-0.270587502137266,-27.0587502137266,-0.279026851235607
"327",30,2016,101808241894.003,8106138.4299996,751900000.000035,851900000.000026,175000000.000002,0.205423172,0.232743715919662,0.00171891780807099,21.5885777810496,0.699887391517287,69.9887391517287,0.701222484936205
"328",30,2017,145015603880.994,8163963.01900006,676899999.999975,855899999.999968,178999999.999995,0.209136581,0.264440833210225,0.00123434992655611,21.9256260205254,0.0228571428571024,2.28571428571025,0.0156123410673041
"329",30,2018,136717615974.994,8220321.85800034,732184999.999994,925809300.000038,193624299.999993,0.209140587,0.264447236695636,0.00141623519850878,23.5543453583329,0.0816999999999914,8.16999999999915,0.0742838236993925
"330",30,2019,131717081940.055,8488447,871538664.208506,981357857.999966,205241757.999998,0.209140587,0.235493577541267,0.00155820152539823,24.1789526399821,0.0600000000000285,6.00000000000285,0.0265177092441747
"331",31,2009,21457638733.9995,1928251.20000001,116317728.999995,124724055.406171,30884263.8738614,0.337109298244174,0.265516393239269,0.00143931325607255,16.0167222371552,NA,NA,NA
"332",31,2010,21768189628.9996,1955576.99999995,120049159.000001,117198992.296513,27782299.3284057,0.332962553556855,0.23142435615401,0.00127627973671242,14.2067018217162,-0.100438351327551,-10.0438351327551,-0.113008166629756
"333",31,2011,24157128064.0008,1983896.59999993,143915942.999999,135655220.084331,53464334.076117,0.348848380975229,0.37149695135665,0.00221319082030244,26.9491535375981,0.924402780494594,92.4402780494594,0.896932439055199
"334",31,2012,25494831827.0007,2012216.20000009,163292213.999997,165668641.427089,37118820.5671415,0.311390704046979,0.227315311966695,0.00145593510163226,18.4467357767718,-0.305727431032889,-30.5727431032889,-0.315498509033472
"335",31,2013,30205978168.0004,2040535.79999995,166282292.999998,144988762.191599,42108213.6904164,0.33496709612377,0.253233299413408,0.00139403575862427,20.6358612725233,0.134416801154819,13.4416801154819,0.118672784293255
"336",31,2014,31356817736.0014,2068855.40000009,174651186.000006,177331880.050904,42961328.0969584,0.295574719473832,0.245983603552264,0.00137007933836454,20.7657471358107,0.0202600474295618,2.02600474295618,0.00629418184063543
"337",31,2015,34548235470.0017,2097174.99999989,187241631.000005,194043639.150651,57817961.6598646,0.333507848647604,0.308787962116518,0.00167354311655274,27.5694501698082,0.345814112854627,34.5814112854627,0.327640656967476
"338",31,2016,35643268694.0014,2145877.5889999,192542136.00001,192561311.999997,59633243.9999989,0.30968445,0.309715292656751,0.00167305766796957,27.7896764967807,0.0313965122259658,3.13965122259658,0.00798805654868338
"339",31,2017,39560446556.0012,2172838.64500004,207741052.000009,206978235.999996,65211236.0000004,0.315063251,0.313906352991788,0.00164839484073286,30.0120011902675,0.0935382955185465,9.35382955185464,0.0799694337479687
"340",31,2018,39800045498.9999,2199617.60099996,266468453.000013,215257372.99999,67819692.9999981,0.315063275,0.254513028602282,0.00170401043892531,30.8324924155757,0.0400001159309057,4.00001159309056,0.0273387709172254
"341",31,2019,45129037737.2833,2233866.00000002,267177459.739922,209230166.999997,69220554.0000034,0.330834482,0.259080814928717,0.00153383624979925,30.9868873065809,0.0206556670789615,2.06556670789615,0.00500753844107586
"342",32,2009,21227156723.0004,1466072.80000007,219395330.000009,195036523.407727,28763137.5718487,0.195304592908578,0.131101867901416,0.00135501602721399,19.6191741445904,NA,NA,NA
"343",32,2010,23538033676.9992,1490667.99999993,272707301.00001,222081168.41778,35699898.5763946,0.227462110376904,0.130909214551587,0.00151668992687693,23.9489266398663,0.241168439542391,24.1168439542391,0.220689844708356
"344",32,2011,25462774497.9993,1508376.19999997,294357747.999995,256177347.034345,66867136.3804112,0.237519598594745,0.227162820869293,0.00262607424755166,44.3305432559944,0.873034351549249,87.3034351549249,0.851045097870905
"345",32,2012,26826368771.9995,1526084.40000005,342328306.999986,318047690.997815,50914765.7753009,0.201425436904926,0.148730808215935,0.00189793729475769,33.3630078226991,-0.238568173674379,-23.8568173674379,-0.247403587408377
"346",32,2013,25834634936.0001,1543792.60000002,371496517.999984,341825451.581874,58195160.7198015,0.194479800694322,0.156650622280675,0.00225260240231641,37.6962298690904,0.14299181845657,14.299181845657,0.129881036788387
"347",32,2014,28696440001.001,1561500.79999996,378815758.000016,323601939.12059,38742914.0918669,0.145730125521721,0.102273765738819,0.00135009478843074,24.811331567597,-0.3342588350532,-33.42588350532,-0.341808672809971
"348",32,2015,30462058527.9999,1579209.00000006,400471743,368063737.6734,74128433.3559514,0.210345085147431,0.185102781036792,0.00243346762950424,46.9402297960235,0.913341706309923,91.3341706309923,0.891886764244698
"349",32,2016,34484945318.0008,1588417.58300003,414673503.000002,398494786.999982,106120702.000001,0.266303865,0.25591387255819,0.00307730521308401,66.8090703198914,0.431578912378041,43.1578912378041,0.423279575115143
"350",32,2017,39614097561.9989,1600411.66399998,409576901,406281900.999994,118065245.000006,0.290599322,0.288261483281269,0.0029803845667625,73.7717973792568,0.112556200391555,11.2556200391555,0.104218289912235
"351",32,2018,34941953849.0015,1612014.214,453236861.999989,441629067.000019,125662395.000001,0.284542854,0.277255460744064,0.00359631849847434,77.9536519645112,0.0643470481088228,6.43470481088229,0.0566863589313914
"352",32,2019,34356658472.6499,1654592.99999998,491260490.150441,441629067.000019,125662395.000001,0.284542854,0.255795850713577,0.00365758489289743,75.9476167250811,0,0,-0.0257336916087436
